benchmark,variant,run,case,size,median_ns,min_ns,max_ns,iterations,edges,system_allocated_bytes,allocations,chunk_bytes,chunks,payload_bytes
module-graph,before,1,independent,32,1777,1727,2004,16384,0,,,,,
module-graph,before,1,independent,1024,1061290,981896,1108397,32,0,,,,,
module-graph,before,1,independent,4096,16259875,15762334,17111562,2,0,,,,,
module-graph,before,1,chain,32,4236,4030,4483,8192,31,,,,,
module-graph,before,1,chain,1024,1774443,1754797,1803393,16,1023,,,,,
module-graph,before,1,chain,4096,30953250,29853750,32628166,1,4095,,,,,
module-graph,before,1,layered,32,6016,5937,6161,4096,220,,,,,
module-graph,before,1,layered,1024,3591984,3565318,3712172,8,8156,,,,,
module-graph,before,1,layered,4096,48038666,43765250,48344375,1,32732,,,,,
module-graph,before,2,independent,32,1475,1458,1624,16384,0,,,,,
module-graph,before,2,independent,1024,915682,852341,919336,32,0,,,,,
module-graph,before,2,independent,4096,12349521,12257292,12398042,2,0,,,,,
module-graph,before,2,chain,32,2410,2378,2478,8192,31,,,,,
module-graph,before,2,chain,1024,1078836,1074117,1088467,32,1023,,,,,
module-graph,before,2,chain,4096,19472354,18331521,22695708,2,4095,,,,,
module-graph,before,2,layered,32,4348,4274,5286,8192,220,,,,,
module-graph,before,2,layered,1024,2646125,2635938,2651849,8,8156,,,,,
module-graph,before,2,layered,4096,42094042,37831417,42308500,1,32732,,,,,
module-graph,before,3,independent,32,1503,1467,1591,16384,0,,,,,
module-graph,before,3,independent,1024,862572,793435,941221,32,0,,,,,
module-graph,before,3,independent,4096,12424458,12359188,12527479,2,0,,,,,
module-graph,before,3,chain,32,2654,2611,2743,8192,31,,,,,
module-graph,before,3,chain,1024,1083258,1077177,1216556,32,1023,,,,,
module-graph,before,3,chain,4096,25580875,18159770,28701708,2,4095,,,,,
module-graph,before,3,layered,32,5020,4932,5248,4096,220,,,,,
module-graph,before,3,layered,1024,3675641,3522135,4010162,8,8156,,,,,
module-graph,before,3,layered,4096,55841667,55259709,58342167,1,32732,,,,,
module-graph,after,1,independent,32,748,734,756,32768,0,,,,,
module-graph,after,1,independent,1024,13189,12964,13454,2048,0,,,,,
module-graph,after,1,independent,4096,55888,55440,56949,512,0,,,,,
module-graph,after,1,chain,32,2443,2412,2625,16384,31,,,,,
module-graph,after,1,chain,1024,77846,75941,81328,512,1023,,,,,
module-graph,after,1,chain,4096,314383,309585,353920,64,4095,,,,,
module-graph,after,1,layered,32,4283,4188,13838,8192,220,,,,,
module-graph,after,1,layered,1024,150757,138999,165076,256,8156,,,,,
module-graph,after,1,layered,4096,745952,654988,800838,64,32732,,,,,
module-graph,after,2,independent,32,1180,1156,1231,16384,0,,,,,
module-graph,after,2,independent,1024,20722,20399,21646,1024,0,,,,,
module-graph,after,2,independent,4096,74156,72592,76011,512,0,,,,,
module-graph,after,2,chain,32,3291,3227,3512,8192,31,,,,,
module-graph,after,2,chain,1024,115062,104010,134495,256,1023,,,,,
module-graph,after,2,chain,4096,346018,337038,426442,64,4095,,,,,
module-graph,after,2,layered,32,5807,4844,6788,8192,220,,,,,
module-graph,after,2,layered,1024,159038,149712,184323,128,8156,,,,,
module-graph,after,2,layered,4096,689229,623161,734823,32,32732,,,,,
module-graph,after,3,independent,32,985,946,1021,32768,0,,,,,
module-graph,after,3,independent,1024,17110,16830,18659,2048,0,,,,,
module-graph,after,3,independent,4096,73507,72256,183180,512,0,,,,,
module-graph,after,3,chain,32,3696,3391,5643,8192,31,,,,,
module-graph,after,3,chain,1024,116251,112076,139993,256,1023,,,,,
module-graph,after,3,chain,4096,513062,436049,576349,64,4095,,,,,
module-graph,after,3,layered,32,6970,6711,7289,4096,220,,,,,
module-graph,after,3,layered,1024,268164,260878,285571,128,8156,,,,,
module-graph,after,3,layered,4096,1576796,1277435,4207572,32,32732,,,,,
json-collections,before,1,parse_array,16,1042,1041,1208,1,,896,,,,
json-collections,before,1,parse_object,16,3500,3333,5333,1,,2136,,,,
json-collections,before,1,encode_object,16,2750,2667,2833,1,,2520,,,,
json-collections,before,1,map_keys,16,333,292,334,1,,0,,,,
json-collections,before,1,map_values,16,292,291,333,1,,0,,,,
json-collections,before,1,from_list,16,750,750,792,1,,0,,,,
json-collections,before,1,to_list,16,542,541,584,1,,0,,,,
json-collections,before,1,parse_array,256,24208,23875,25917,1,,278592,,,,
json-collections,before,1,parse_object,256,193583,189584,360708,1,,554288,,,,
json-collections,before,1,encode_object,256,78917,73833,90042,1,,562544,,,,
json-collections,before,1,map_keys,256,15625,15125,16375,1,,262144,,,,
json-collections,before,1,map_values,256,15500,14959,16041,1,,262144,,,,
json-collections,before,1,from_list,256,22208,21750,22292,1,,262528,,,,
json-collections,before,1,to_list,256,18708,18334,19083,1,,262528,,,,
json-collections,before,1,parse_array,2048,1179500,961750,2198791,1,,18374336,,,,
json-collections,before,1,parse_object,2048,10995625,10154333,11727375,1,,39346336,,,,
json-collections,before,1,encode_object,2048,3974250,2680292,5216084,1,,36921568,,,,
json-collections,before,1,map_keys,2048,1038666,909958,1141500,1,,18219008,,,,
json-collections,before,1,map_values,2048,1051125,1026791,1463834,1,,18219008,,,,
json-collections,before,1,from_list,2048,1106750,1063708,1198833,1,,18309120,,,,
json-collections,before,1,to_list,2048,1102667,1061625,1935083,1,,18243584,,,,
json-collections,before,2,parse_array,16,875,833,1042,1,,896,,,,
json-collections,before,2,parse_object,16,2875,2667,3250,1,,2136,,,,
json-collections,before,2,encode_object,16,2125,2083,2167,1,,2520,,,,
json-collections,before,2,map_keys,16,250,250,292,1,,0,,,,
json-collections,before,2,map_values,16,250,250,292,1,,0,,,,
json-collections,before,2,from_list,16,625,583,625,1,,0,,,,
json-collections,before,2,to_list,16,417,416,459,1,,0,,,,
json-collections,before,2,parse_array,256,18834,18625,20167,1,,278592,,,,
json-collections,before,2,parse_object,256,150875,150584,152083,1,,554288,,,,
json-collections,before,2,encode_object,256,59917,59000,65000,1,,562544,,,,
json-collections,before,2,map_keys,256,12208,11750,12375,1,,262144,,,,
json-collections,before,2,map_values,256,12250,12041,12458,1,,262144,,,,
json-collections,before,2,from_list,256,17625,17250,18042,1,,262528,,,,
json-collections,before,2,to_list,256,15083,14958,15334,1,,262528,,,,
json-collections,before,2,parse_array,2048,711167,703958,835541,1,,18374336,,,,
json-collections,before,2,parse_object,2048,7392709,7265292,7761125,1,,39346336,,,,
json-collections,before,2,encode_object,2048,1819625,1783000,2165084,1,,36921568,,,,
json-collections,before,2,map_keys,2048,727167,713334,781334,1,,18219008,,,,
json-collections,before,2,map_values,2048,723958,713500,769083,1,,18219008,,,,
json-collections,before,2,from_list,2048,724542,703542,835000,1,,18309120,,,,
json-collections,before,2,to_list,2048,769250,742042,833250,1,,18243584,,,,
json-collections,before,3,parse_array,16,1458,1417,1625,1,,896,,,,
json-collections,before,3,parse_object,16,5417,4750,8458,1,,2136,,,,
json-collections,before,3,encode_object,16,3791,3708,3834,1,,2520,,,,
json-collections,before,3,map_keys,16,417,416,458,1,,0,,,,
json-collections,before,3,map_values,16,417,416,459,1,,0,,,,
json-collections,before,3,from_list,16,1084,1083,1208,1,,0,,,,
json-collections,before,3,to_list,16,792,750,875,1,,0,,,,
json-collections,before,3,parse_array,256,33292,32166,79583,1,,278592,,,,
json-collections,before,3,parse_object,256,226875,219250,1629459,1,,554288,,,,
json-collections,before,3,encode_object,256,114041,108959,2600250,1,,562544,,,,
json-collections,before,3,map_keys,256,21333,19333,107791,1,,262144,,,,
json-collections,before,3,map_values,256,21792,19333,217500,1,,262144,,,,
json-collections,before,3,from_list,256,30667,29250,126125,1,,262528,,,,
json-collections,before,3,to_list,256,26000,25667,57000,1,,262528,,,,
json-collections,before,3,parse_array,2048,2398708,1983792,5695416,1,,18374336,,,,
json-collections,before,3,parse_object,2048,42639000,15608875,129744916,1,,39346336,,,,
json-collections,before,3,encode_object,2048,4134292,3294417,6207167,1,,36921568,,,,
json-collections,before,3,map_keys,2048,1382250,1071792,4087333,1,,18219008,,,,
json-collections,before,3,map_values,2048,1399292,1167250,3757042,1,,18219008,,,,
json-collections,before,3,from_list,2048,1364417,1189958,5039875,1,,18309120,,,,
json-collections,before,3,to_list,2048,2013334,1649000,10043250,1,,18243584,,,,
json-collections,after,1,parse_array,16,1250,1167,2000,1,,896,,,,
json-collections,after,1,parse_object,16,4500,3792,7042,1,,2392,,,,
json-collections,after,1,encode_object,16,3041,3000,3083,1,,2520,,,,
json-collections,after,1,map_keys,16,42,41,83,1,,0,,,,
json-collections,after,1,map_values,16,42,41,83,1,,0,,,,
json-collections,after,1,from_list,16,417,416,417,1,,0,,,,
json-collections,after,1,to_list,16,417,416,459,1,,0,,,,
json-collections,after,1,parse_array,256,13292,13250,23667,1,,16256,,,,
json-collections,after,1,parse_object,256,74083,72417,282708,1,,33520,,,,
json-collections,after,1,encode_object,256,62292,61417,98750,1,,37488,,,,
json-collections,after,1,map_keys,256,292,250,417,1,,0,,,,
json-collections,after,1,map_values,256,292,250,417,1,,0,,,,
json-collections,after,1,from_list,256,5625,5583,5750,1,,0,,,,
json-collections,after,1,to_list,256,5708,5708,5792,1,,0,,,,
json-collections,after,1,parse_array,2048,103667,90541,113625,1,,130944,,,,
json-collections,after,1,parse_object,2048,688875,661458,815167,1,,401760,,,,
json-collections,after,1,encode_object,2048,641167,596000,720666,1,,434400,,,,
json-collections,after,1,map_keys,2048,2250,2125,14250,1,,0,,,,
json-collections,after,1,map_values,2048,1917,1833,5125,1,,0,,,,
json-collections,after,1,from_list,2048,41125,41000,58125,1,,65536,,,,
json-collections,after,1,to_list,2048,46583,42500,73250,1,,65536,,,,
json-collections,after,2,parse_array,16,625,583,750,1,,896,,,,
json-collections,after,2,parse_object,16,2292,2042,4958,1,,2392,,,,
json-collections,after,2,encode_object,16,1667,1625,1750,1,,2520,,,,
json-collections,after,2,map_keys,16,42,0,42,1,,0,,,,
json-collections,after,2,map_values,16,42,42,42,1,,0,,,,
json-collections,after,2,from_list,16,209,208,250,1,,0,,,,
json-collections,after,2,to_list,16,209,208,250,1,,0,,,,
json-collections,after,2,parse_array,256,6916,6750,14791,1,,16256,,,,
json-collections,after,2,parse_object,256,41375,41000,43000,1,,33520,,,,
json-collections,after,2,encode_object,256,34750,34625,34834,1,,37488,,,,
json-collections,after,2,map_keys,256,125,125,167,1,,0,,,,
json-collections,after,2,map_values,256,125,125,166,1,,0,,,,
json-collections,after,2,from_list,256,2916,2875,2917,1,,0,,,,
json-collections,after,2,to_list,256,2875,2875,2917,1,,0,,,,
json-collections,after,2,parse_array,2048,50541,50417,52833,1,,130944,,,,
json-collections,after,2,parse_object,2048,384958,383417,389959,1,,401760,,,,
json-collections,after,2,encode_object,2048,342750,342375,343959,1,,434400,,,,
json-collections,after,2,map_keys,2048,1125,1125,1375,1,,0,,,,
json-collections,after,2,map_values,2048,1125,1083,1167,1,,0,,,,
json-collections,after,2,from_list,2048,23583,23416,23625,1,,65536,,,,
json-collections,after,2,to_list,2048,24667,24625,24833,1,,65536,,,,
json-collections,after,3,parse_array,16,1125,1042,1459,1,,896,,,,
json-collections,after,3,parse_object,16,4000,3875,9000,1,,2392,,,,
json-collections,after,3,encode_object,16,3125,3083,3208,1,,2520,,,,
json-collections,after,3,map_keys,16,42,41,84,1,,0,,,,
json-collections,after,3,map_values,16,42,42,84,1,,0,,,,
json-collections,after,3,from_list,16,417,416,458,1,,0,,,,
json-collections,after,3,to_list,16,417,417,458,1,,0,,,,
json-collections,after,3,parse_array,256,13291,11875,32083,1,,16256,,,,
json-collections,after,3,parse_object,256,74500,71708,92375,1,,33520,,,,
json-collections,after,3,encode_object,256,60750,60375,61000,1,,37488,,,,
json-collections,after,3,map_keys,256,333,208,541,1,,0,,,,
json-collections,after,3,map_values,256,333,250,1291,1,,0,,,,
json-collections,after,3,from_list,256,5041,4959,5125,1,,0,,,,
json-collections,after,3,to_list,256,5167,5125,5208,1,,0,,,,
json-collections,after,3,parse_array,2048,105250,88084,2494041,1,,130944,,,,
json-collections,after,3,parse_object,2048,731792,676417,54702792,1,,401760,,,,
json-collections,after,3,encode_object,2048,982083,609000,44944583,1,,434400,,,,
json-collections,after,3,map_keys,2048,2791,2500,4958,1,,0,,,,
json-collections,after,3,map_values,2048,4958,2333,7458,1,,0,,,,
json-collections,after,3,from_list,2048,41000,40750,73417,1,,65536,,,,
json-collections,after,3,to_list,2048,42417,42292,51292,1,,65536,,,,
collection-format,before,1,format_list,16,2917,2833,7125,1,,304,,,,
collection-format,before,1,format_map,16,5417,5375,5625,1,,608,,,,
collection-format,before,1,format_set,16,2875,2791,8125,1,,304,,,,
collection-format,before,1,format_list,256,55208,54916,59334,1,,267200,,,,
collection-format,before,1,format_map,256,174208,156500,309083,1,,1452288,,,,
collection-format,before,1,format_set,256,56875,55417,105125,1,,267392,,,,
collection-format,before,1,format_list,2048,2192167,1822584,2715459,1,,23066432,,,,
collection-format,before,1,format_map,2048,12523375,8850250,17568375,1,,122777600,,,,
collection-format,before,1,format_set,2048,2171916,1757791,2576959,1,,23132160,,,,
collection-format,before,2,format_list,16,1500,1458,1834,1,,304,,,,
collection-format,before,2,format_map,16,2792,2750,2958,1,,608,,,,
collection-format,before,2,format_set,16,1500,1458,1583,1,,304,,,,
collection-format,before,2,format_list,256,29708,29333,30666,1,,267200,,,,
collection-format,before,2,format_map,256,78833,78084,82625,1,,1452288,,,,
collection-format,before,2,format_set,256,29917,29541,87083,1,,267392,,,,
collection-format,before,2,format_list,2048,1006416,908875,1252458,1,,23066432,,,,
collection-format,before,2,format_map,2048,4900583,4718375,5381833,1,,122777600,,,,
collection-format,before,2,format_set,2048,1007459,977250,1099542,1,,23132160,,,,
collection-format,before,3,format_list,16,2875,2833,9416,1,,304,,,,
collection-format,before,3,format_map,16,5417,5375,5542,1,,608,,,,
collection-format,before,3,format_set,16,2833,2791,3042,1,,304,,,,
collection-format,before,3,format_list,256,55750,55417,56500,1,,267200,,,,
collection-format,before,3,format_map,256,153959,152125,198542,1,,1452288,,,,
collection-format,before,3,format_set,256,58250,56875,103625,1,,267392,,,,
collection-format,before,3,format_list,2048,2124084,1778041,3499375,1,,23066432,,,,
collection-format,before,3,format_map,2048,10779625,8769875,16559125,1,,122777600,,,,
collection-format,before,3,format_set,2048,2155667,1551958,3354250,1,,23132160,,,,
collection-format,after,1,format_list,16,2000,1916,15709,1,,425,,,,
collection-format,after,1,format_map,16,3709,3625,7375,1,,1114,,,,
collection-format,after,1,format_set,16,1917,1875,2000,1,,426,,,,
collection-format,after,1,format_list,256,25125,24875,53833,1,,8953,,,,
collection-format,after,1,format_map,256,48875,46750,52042,1,,17914,,,,
collection-format,after,1,format_set,256,26042,24125,30084,1,,8954,,,,
collection-format,after,1,format_list,2048,207959,193625,248875,1,,71673,,,,
collection-format,after,1,format_map,2048,440708,391250,538292,1,,208890,,,,
collection-format,after,1,format_set,2048,228333,198542,274458,1,,137210,,,,
collection-format,after,2,format_list,16,1042,958,2958,1,,425,,,,
collection-format,after,2,format_map,16,1958,1916,3583,1,,1114,,,,
collection-format,after,2,format_set,16,1041,1000,2458,1,,426,,,,
collection-format,after,2,format_list,256,13084,13000,14667,1,,8953,,,,
collection-format,after,2,format_map,256,26291,25625,26417,1,,17914,,,,
collection-format,after,2,format_set,256,13166,13083,13250,1,,8954,,,,
collection-format,after,2,format_list,2048,104584,104416,106334,1,,71673,,,,
collection-format,after,2,format_map,2048,198292,192833,251166,1,,208890,,,,
collection-format,after,2,format_set,2048,110666,102333,123375,1,,137210,,,,
collection-format,after,3,format_list,16,1959,1916,2334,1,,425,,,,
collection-format,after,3,format_map,16,3791,3708,6167,1,,1114,,,,
collection-format,after,3,format_set,16,1958,1917,2084,1,,426,,,,
collection-format,after,3,format_list,256,26250,26125,31208,1,,8953,,,,
collection-format,after,3,format_map,256,49584,49083,70250,1,,17914,,,,
collection-format,after,3,format_set,256,25500,24291,28500,1,,8954,,,,
collection-format,after,3,format_list,2048,202667,198417,474750,1,,71673,,,,
collection-format,after,3,format_map,2048,415667,393666,530041,1,,208890,,,,
collection-format,after,3,format_set,2048,212667,197666,304875,1,,137210,,,,
routing,before,1,replicas,8,1943,1909,1978,16384,,,29,,,
routing,before,1,replicas,32,37897,36465,39335,1024,,,627,,,
routing,before,1,replicas,128,218593,208047,222399,128,,,3521,,,
routing,before,1,replicas,512,1341797,1300380,1370948,16,,,22055,,,
routing,before,2,replicas,8,1335,1147,1372,16384,,,29,,,
routing,before,2,replicas,32,22593,21916,24704,1024,,,627,,,
routing,before,2,replicas,128,145834,128243,176893,256,,,3521,,,
routing,before,2,replicas,512,1054822,919586,1137034,32,,,22055,,,
routing,before,3,replicas,8,2120,2044,2340,16384,,,29,,,
routing,before,3,replicas,32,37797,36652,44775,512,,,627,,,
routing,before,3,replicas,128,203628,199470,209935,128,,,3521,,,
routing,before,3,replicas,512,1296148,1290753,1333911,16,,,22055,,,
routing,after,1,replicas,8,619,601,835,32768,,,5,,,
routing,after,1,replicas,32,3966,3877,4038,8192,,,7,,,
routing,after,1,replicas,128,21472,20647,21880,1024,,,9,,,
routing,after,1,replicas,512,140222,137081,144022,256,,,11,,,
routing,after,2,replicas,8,413,390,602,65536,,,5,,,
routing,after,2,replicas,32,2834,2785,3705,8192,,,7,,,
routing,after,2,replicas,128,17581,15808,25089,1024,,,9,,,
routing,after,2,replicas,512,99698,98681,102098,256,,,11,,,
routing,after,3,replicas,8,522,501,627,65536,,,5,,,
routing,after,3,replicas,32,3577,3391,4084,8192,,,7,,,
routing,after,3,replicas,128,22976,22002,70103,2048,,,9,,,
routing,after,3,replicas,512,141931,140836,152260,256,,,11,,,
snapshot,before,1,snapshot,100,1177959,1172666,1230042,1,,,,4096,33,123663
snapshot,before,1,snapshot,100,10252250,9252708,10350250,1,,,,1048576,1,123631
snapshot,before,1,snapshot,1000,13458500,13393500,13646625,1,,,,4096,430,1406680
snapshot,before,1,snapshot,1000,691458292,667589917,793531750,1,,,,1048576,2,1406252
snapshot,before,2,snapshot,100,1501042,1482125,1626250,1,,,,4096,33,123663
snapshot,before,2,snapshot,100,11647917,11489167,11786459,1,,,,1048576,1,123631
snapshot,before,2,snapshot,1000,15136542,15058209,15494875,1,,,,4096,430,1406680
snapshot,before,2,snapshot,1000,723814416,675612042,855123709,1,,,,1048576,2,1406252
snapshot,before,3,snapshot,100,1749333,1714834,1921875,1,,,,4096,33,123663
snapshot,before,3,snapshot,100,13482167,13359416,13584875,1,,,,1048576,1,123631
snapshot,before,3,snapshot,1000,15339833,15097625,15733791,1,,,,4096,430,1406680
snapshot,before,3,snapshot,1000,663988458,646481042,781112875,1,,,,1048576,2,1406252
snapshot,after,1,snapshot,100,907417,827000,1759916,1,,,,4096,33,123663
snapshot,after,1,snapshot,100,927833,818167,1364875,1,,,,1048576,1,123631
snapshot,after,1,snapshot,1000,8904459,8737500,9234917,1,,,,4096,430,1406680
snapshot,after,1,snapshot,1000,8756000,8528750,9615500,1,,,,1048576,2,1406252
snapshot,after,2,snapshot,100,820041,816708,859458,1,,,,4096,33,123663
snapshot,after,2,snapshot,100,820291,787458,930958,1,,,,1048576,1,123631
snapshot,after,2,snapshot,1000,8828042,8686208,9007375,1,,,,4096,430,1406680
snapshot,after,2,snapshot,1000,8571708,8465208,8663708,1,,,,1048576,2,1406252
snapshot,after,3,snapshot,100,817291,812500,853000,1,,,,4096,33,123663
snapshot,after,3,snapshot,100,795125,790791,845666,1,,,,1048576,1,123631
snapshot,after,3,snapshot,1000,7868083,7802458,8000792,1,,,,4096,430,1406680
snapshot,after,3,snapshot,1000,7953625,7533750,9105916,1,,,,1048576,2,1406252
